<?xml version="1.0" encoding="UTF-8"?>
<project-private xmlns="http://www.netbeans.org/ns/project-private/1">
    <editor-bookmarks xmlns="http://www.netbeans.org/ns/editor-bookmarks/2" lastBookmarkId="0"/>
    <open-files xmlns="http://www.netbeans.org/ns/projectui-open-files/2">
        <group>
            <file>file:/D:/Pharmacy%20Management%20System/src/pharmacymanagementsystem/home_page.java</file>
            <file>file:/D:/Pharmacy%20Management%20System/src/pharmacymanagementsystem/cashier_calculate.java</file>
            <file>file:/D:/Pharmacy%20Management%20System/src/pharmacymanagementsystem/manager_login_window.java</file>
            <file>file:/D:/Pharmacy%20Management%20System/src/pharmacymanagementsystem/manager_staff_info_page.java</file>
            <file>file:/D:/Pharmacy%20Management%20System/src/pharmacymanagementsystem/wron_password.java</file>
            <file>file:/D:/Pharmacy%20Management%20System/src/pharmacymanagementsystem/pharmacist_login_window.java</file>
            <file>file:/D:/Pharmacy%20Management%20System/src/pharmacymanagementsystem/admin_medicine_info_page.java</file>
            <file>file:/D:/Pharmacy%20Management%20System/src/pharmacymanagementsystem/pharmacist_medicine_info.java</file>
            <file>file:/D:/Pharmacy%20Management%20System/src/pharmacymanagementsystem/admin_choice.java</file>
            <file>file:/D:/Pharmacy%20Management%20System/src/pharmacymanagementsystem/admin_login_window.java</file>
            <file>file:/D:/Pharmacy%20Management%20System/src/pharmacymanagementsystem/admin_staff_info_page.java</file>
            <file>file:/D:/Pharmacy%20Management%20System/src/pharmacymanagementsystem/cashier_login_window.java</file>
        </group>
    </open-files>
</project-private>
